Id,Category
5250,gr-qc
5251,cond-mat.mes-hall
5252,math.AP
5253,astro-ph
5254,cond-mat.mes-hall
5255,cond-mat.mtrl-sci
5256,stat.ML
5257,math.AP
5258,astro-ph.SR
5259,physics.optics
5260,astro-ph
5261,astro-ph.CO
5262,math.AP
5263,cond-mat.mtrl-sci
5264,astro-ph.GA
5265,astro-ph.GA
5266,astro-ph.CO
5267,quant-ph
5268,cs.LG
5269,physics.optics
5270,quant-ph
5271,cs.LG
5272,math.CO
5273,astro-ph.GA
5274,astro-ph.GA
5275,stat.ML
5276,quant-ph
5277,quant-ph
5278,quant-ph
5279,quant-ph
5280,cs.LG
5281,astro-ph.CO
5282,quant-ph
5283,astro-ph.GA
5284,math.CO
5285,hep-ph
5286,math.CO
5287,astro-ph
5288,astro-ph.GA
5289,gr-qc
5290,astro-ph.SR
5291,astro-ph
5292,quant-ph
5293,math.AP
5294,cond-mat.mtrl-sci
5295,astro-ph.GA
5296,stat.ML
5297,astro-ph
5298,math.CO
5299,quant-ph
5300,hep-ph
5301,astro-ph.GA
5302,astro-ph.GA
5303,astro-ph.GA
5304,astro-ph.SR
5305,cond-mat.mtrl-sci
5306,math.CO
5307,hep-th
5308,astro-ph.GA
5309,math.AP
5310,hep-th
5311,astro-ph.CO
5312,astro-ph
5313,astro-ph.SR
5314,math.AP
5315,gr-qc
5316,math.CO
5317,stat.ML
5318,astro-ph
5319,gr-qc
5320,stat.ML
5321,cs.LG
5322,cs.LG
5323,cond-mat.mtrl-sci
5324,physics.optics
5325,math.CO
5326,physics.optics
5327,stat.ML
5328,stat.ML
5329,cond-mat.mtrl-sci
5330,astro-ph
5331,cond-mat.mtrl-sci
5332,astro-ph.GA
5333,cs.LG
5334,hep-ph
5335,astro-ph
5336,quant-ph
5337,astro-ph.SR
5338,astro-ph.SR
5339,hep-th
5340,quant-ph
5341,stat.ML
5342,stat.ML
5343,astro-ph.GA
5344,math.AP
5345,astro-ph.CO
5346,gr-qc
5347,hep-ph
5348,quant-ph
5349,astro-ph.GA
5350,cond-mat.mtrl-sci
5351,stat.ML
5352,quant-ph
5353,stat.ML
5354,physics.optics
5355,cs.LG
5356,astro-ph.GA
5357,stat.ML
5358,physics.optics
5359,cs.LG
5360,stat.ML
5361,hep-ph
5362,math.CO
5363,astro-ph.SR
5364,math.AP
5365,astro-ph.GA
5366,cs.LG
5367,astro-ph.SR
5368,astro-ph
5369,physics.optics
5370,stat.ML
5371,quant-ph
5372,astro-ph
5373,astro-ph.SR
5374,cond-mat.mtrl-sci
5375,astro-ph.CO
5376,physics.optics
5377,quant-ph
5378,cs.LG
5379,astro-ph.CO
5380,cs.LG
5381,math.CO
5382,physics.optics
5383,cond-mat.mes-hall
5384,hep-th
5385,astro-ph.GA
5386,cond-mat.mes-hall
5387,math.CO
5388,physics.optics
5389,math.CO
5390,astro-ph
5391,cs.LG
5392,physics.optics
5393,math.CO
5394,hep-th
5395,cs.LG
5396,gr-qc
5397,astro-ph
5398,hep-th
5399,quant-ph
5400,astro-ph.CO
5401,stat.ML
5402,math.CO
5403,hep-th
5404,hep-th
5405,hep-ph
5406,quant-ph
5407,astro-ph
5408,astro-ph.SR
5409,stat.ML
5410,astro-ph.CO
5411,astro-ph.GA
5412,stat.ML
5413,math.CO
5414,cond-mat.mes-hall
5415,math.CO
5416,math.CO
5417,physics.optics
5418,cond-mat.mtrl-sci
5419,hep-ph
5420,astro-ph.CO
5421,gr-qc
5422,hep-ph
5423,astro-ph.CO
5424,gr-qc
5425,stat.ML
5426,gr-qc
5427,astro-ph.CO
5428,astro-ph.SR
5429,astro-ph
5430,math.AP
5431,quant-ph
5432,math.AP
5433,astro-ph
5434,astro-ph.CO
5435,astro-ph.GA
5436,cond-mat.mtrl-sci
5437,math.AP
5438,math.CO
5439,stat.ML
5440,quant-ph
5441,gr-qc
5442,physics.optics
5443,quant-ph
5444,hep-ph
5445,cs.LG
5446,cond-mat.mes-hall
5447,math.AP
5448,math.CO
5449,astro-ph
5450,astro-ph
5451,stat.ML
5452,math.AP
5453,cs.LG
5454,astro-ph
5455,gr-qc
5456,math.AP
5457,cond-mat.mes-hall
5458,astro-ph.GA
5459,astro-ph
5460,gr-qc
5461,astro-ph
5462,hep-ph
5463,hep-th
5464,gr-qc
5465,cond-mat.mes-hall
5466,astro-ph
5467,astro-ph.SR
5468,stat.ML
5469,cond-mat.mtrl-sci
5470,math.AP
5471,astro-ph.SR
5472,hep-th
5473,cond-mat.mes-hall
5474,cs.LG
5475,physics.optics
5476,quant-ph
5477,cs.LG
5478,cond-mat.mtrl-sci
5479,stat.ML
5480,math.AP
5481,astro-ph
5482,cond-mat.mtrl-sci
5483,astro-ph.GA
5484,math.CO
5485,astro-ph.GA
5486,astro-ph.CO
5487,quant-ph
5488,hep-th
5489,cs.LG
5490,cs.LG
5491,gr-qc
5492,math.AP
5493,cond-mat.mes-hall
5494,astro-ph
5495,math.CO
5496,quant-ph
5497,astro-ph.CO
5498,cond-mat.mes-hall
5499,cond-mat.mtrl-sci
5500,hep-th
5501,cond-mat.mtrl-sci
5502,gr-qc
5503,stat.ML
5504,cond-mat.mes-hall
5505,astro-ph
5506,astro-ph
5507,quant-ph
5508,math.AP
5509,hep-th
5510,cs.LG
5511,astro-ph.GA
5512,hep-ph
5513,astro-ph
5514,hep-th
5515,physics.optics
5516,quant-ph
5517,hep-th
5518,cond-mat.mes-hall
5519,stat.ML
5520,quant-ph
5521,hep-th
5522,math.AP
5523,astro-ph
5524,gr-qc
5525,astro-ph.SR
5526,math.AP
5527,quant-ph
5528,cond-mat.mes-hall
5529,astro-ph.SR
5530,hep-th
5531,astro-ph.SR
5532,astro-ph
5533,astro-ph.CO
5534,math.AP
5535,math.CO
5536,cs.LG
5537,hep-ph
5538,astro-ph.SR
5539,quant-ph
5540,quant-ph
5541,astro-ph.SR
5542,astro-ph
5543,gr-qc
5544,math.AP
5545,astro-ph.GA
5546,math.AP
5547,physics.optics
5548,cond-mat.mtrl-sci
5549,hep-th
5550,cs.LG
5551,math.AP
5552,astro-ph.CO
5553,physics.optics
5554,astro-ph.GA
5555,astro-ph
5556,astro-ph.CO
5557,astro-ph.GA
5558,math.CO
5559,astro-ph.SR
5560,cond-mat.mes-hall
5561,math.AP
5562,hep-ph
5563,cond-mat.mtrl-sci
5564,astro-ph.SR
5565,astro-ph.SR
5566,stat.ML
5567,astro-ph.SR
5568,astro-ph
5569,cond-mat.mtrl-sci
5570,math.AP
5571,astro-ph.CO
5572,math.CO
5573,gr-qc
5574,cond-mat.mes-hall
5575,astro-ph.CO
5576,math.AP
5577,astro-ph.SR
5578,gr-qc
5579,cs.LG
5580,math.AP
5581,cond-mat.mtrl-sci
5582,math.CO
5583,astro-ph
5584,physics.optics
5585,math.CO
5586,cond-mat.mtrl-sci
5587,math.CO
5588,stat.ML
5589,astro-ph
5590,cond-mat.mtrl-sci
5591,quant-ph
5592,quant-ph
5593,astro-ph.SR
5594,stat.ML
5595,stat.ML
5596,gr-qc
5597,astro-ph.GA
5598,astro-ph.GA
5599,astro-ph.CO
5600,hep-th
5601,physics.optics
5602,quant-ph
5603,math.CO
5604,quant-ph
5605,astro-ph.GA
5606,physics.optics
5607,astro-ph
5608,gr-qc
5609,astro-ph
5610,math.CO
5611,stat.ML
5612,gr-qc
5613,hep-th
5614,hep-ph
5615,quant-ph
5616,math.CO
5617,physics.optics
5618,cond-mat.mes-hall
5619,cs.LG
5620,stat.ML
5621,stat.ML
5622,astro-ph.GA
5623,gr-qc
5624,astro-ph.CO
5625,hep-ph
5626,astro-ph.SR
5627,astro-ph.SR
5628,quant-ph
5629,cond-mat.mes-hall
5630,cond-mat.mtrl-sci
5631,quant-ph
5632,astro-ph
5633,hep-ph
5634,physics.optics
5635,physics.optics
5636,astro-ph.GA
5637,gr-qc
5638,astro-ph.GA
5639,hep-ph
5640,cond-mat.mtrl-sci
5641,cond-mat.mes-hall
5642,hep-ph
5643,astro-ph.SR
5644,math.CO
5645,gr-qc
5646,math.CO
5647,cond-mat.mes-hall
5648,cs.LG
5649,hep-th
5650,math.CO
5651,astro-ph.SR
5652,cond-mat.mes-hall
5653,quant-ph
5654,astro-ph
5655,astro-ph.SR
5656,astro-ph.GA
5657,cond-mat.mtrl-sci
5658,hep-th
5659,cs.LG
5660,math.CO
5661,hep-ph
5662,hep-th
5663,math.CO
5664,hep-ph
5665,gr-qc
5666,astro-ph
5667,cond-mat.mtrl-sci
5668,gr-qc
5669,hep-ph
5670,hep-th
5671,astro-ph.GA
5672,gr-qc
5673,gr-qc
5674,stat.ML
5675,math.AP
5676,astro-ph.SR
5677,gr-qc
5678,astro-ph.GA
5679,astro-ph.CO
5680,hep-th
5681,cond-mat.mes-hall
5682,cs.LG
5683,stat.ML
5684,cond-mat.mes-hall
5685,gr-qc
5686,cond-mat.mtrl-sci
5687,astro-ph.CO
5688,gr-qc
5689,cond-mat.mtrl-sci
5690,math.AP
5691,physics.optics
5692,hep-ph
5693,quant-ph
5694,cs.LG
5695,astro-ph
5696,hep-ph
5697,cond-mat.mes-hall
5698,math.AP
5699,physics.optics
5700,cs.LG
5701,astro-ph.CO
5702,physics.optics
5703,astro-ph.CO
5704,astro-ph.GA
5705,hep-th
5706,astro-ph.CO
5707,hep-ph
5708,stat.ML
5709,gr-qc
5710,physics.optics
5711,gr-qc
5712,math.AP
5713,astro-ph.CO
5714,hep-th
5715,cond-mat.mes-hall
5716,quant-ph
5717,astro-ph.GA
5718,astro-ph.CO
5719,astro-ph.GA
5720,hep-th
5721,hep-ph
5722,astro-ph
5723,astro-ph.CO
5724,cond-mat.mes-hall
5725,physics.optics
5726,hep-ph
5727,physics.optics
5728,hep-th
5729,hep-th
5730,math.AP
5731,hep-ph
5732,astro-ph.CO
5733,math.AP
5734,stat.ML
5735,quant-ph
5736,astro-ph.GA
5737,physics.optics
5738,quant-ph
5739,cond-mat.mtrl-sci
5740,cond-mat.mtrl-sci
5741,cond-mat.mtrl-sci
5742,physics.optics
5743,astro-ph.SR
5744,astro-ph
5745,hep-ph
5746,cs.LG
5747,gr-qc
5748,cs.LG
5749,cond-mat.mtrl-sci
5750,math.CO
5751,astro-ph.GA
5752,math.CO
5753,math.AP
5754,hep-ph
5755,astro-ph.CO
5756,stat.ML
5757,gr-qc
5758,math.CO
5759,astro-ph.GA
5760,astro-ph.SR
5761,stat.ML
5762,quant-ph
5763,stat.ML
5764,hep-ph
5765,cond-mat.mes-hall
5766,cond-mat.mes-hall
5767,quant-ph
5768,math.AP
5769,astro-ph.CO
5770,physics.optics
5771,math.CO
5772,math.CO
5773,math.AP
5774,astro-ph.GA
5775,stat.ML
5776,stat.ML
5777,cond-mat.mes-hall
5778,physics.optics
5779,math.CO
5780,hep-th
5781,astro-ph
5782,cond-mat.mes-hall
5783,stat.ML
5784,gr-qc
5785,astro-ph.SR
5786,astro-ph.GA
5787,astro-ph.CO
5788,physics.optics
5789,cond-mat.mtrl-sci
5790,physics.optics
5791,cs.LG
5792,cond-mat.mtrl-sci
5793,math.AP
5794,cond-mat.mes-hall
5795,astro-ph
5796,math.CO
5797,astro-ph.CO
5798,astro-ph
5799,astro-ph
5800,cs.LG
5801,astro-ph.CO
5802,stat.ML
5803,astro-ph.SR
5804,astro-ph.GA
5805,quant-ph
5806,stat.ML
5807,cond-mat.mtrl-sci
5808,cond-mat.mes-hall
5809,physics.optics
5810,physics.optics
5811,stat.ML
5812,quant-ph
5813,hep-ph
5814,astro-ph.GA
5815,astro-ph
5816,hep-ph
5817,gr-qc
5818,math.CO
5819,math.CO
5820,astro-ph.GA
5821,cs.LG
5822,astro-ph.SR
5823,quant-ph
5824,hep-ph
5825,cond-mat.mtrl-sci
5826,hep-ph
5827,astro-ph.SR
5828,gr-qc
5829,cond-mat.mtrl-sci
5830,cs.LG
5831,hep-ph
5832,hep-ph
5833,cs.LG
5834,cs.LG
5835,quant-ph
5836,physics.optics
5837,hep-ph
5838,astro-ph.GA
5839,stat.ML
5840,cond-mat.mes-hall
5841,cond-mat.mes-hall
5842,cond-mat.mtrl-sci
5843,cond-mat.mes-hall
5844,astro-ph
5845,cs.LG
5846,hep-th
5847,stat.ML
5848,astro-ph
5849,gr-qc
5850,quant-ph
5851,hep-ph
5852,hep-th
5853,astro-ph
5854,astro-ph.CO
5855,cs.LG
5856,astro-ph.GA
5857,math.CO
5858,astro-ph.CO
5859,hep-ph
5860,math.AP
5861,math.CO
5862,physics.optics
5863,astro-ph.CO
5864,stat.ML
5865,math.AP
5866,physics.optics
5867,math.AP
5868,quant-ph
5869,astro-ph.SR
5870,math.AP
5871,astro-ph.GA
5872,gr-qc
5873,quant-ph
5874,quant-ph
5875,stat.ML
5876,astro-ph.GA
5877,cond-mat.mes-hall
5878,math.AP
5879,stat.ML
5880,astro-ph.GA
5881,hep-ph
5882,physics.optics
5883,stat.ML
5884,cs.LG
5885,math.CO
5886,physics.optics
5887,hep-ph
5888,gr-qc
5889,math.AP
5890,astro-ph.CO
5891,math.CO
5892,hep-th
5893,hep-ph
5894,quant-ph
5895,hep-ph
5896,hep-ph
5897,physics.optics
5898,astro-ph.GA
5899,cond-mat.mtrl-sci
5900,quant-ph
5901,gr-qc
5902,stat.ML
5903,hep-th
5904,stat.ML
5905,cond-mat.mes-hall
5906,hep-ph
5907,cond-mat.mes-hall
5908,astro-ph.CO
5909,hep-ph
5910,math.CO
5911,hep-th
5912,astro-ph.SR
5913,physics.optics
5914,astro-ph
5915,astro-ph
5916,hep-th
5917,astro-ph.GA
5918,cond-mat.mes-hall
5919,cond-mat.mtrl-sci
5920,math.AP
5921,cs.LG
5922,astro-ph.GA
5923,quant-ph
5924,math.CO
5925,gr-qc
5926,astro-ph.CO
5927,astro-ph.GA
5928,cond-mat.mtrl-sci
5929,hep-th
5930,astro-ph
5931,astro-ph
5932,cond-mat.mes-hall
5933,physics.optics
5934,cs.LG
5935,cs.LG
5936,hep-ph
5937,physics.optics
5938,math.AP
5939,cs.LG
5940,astro-ph.GA
5941,astro-ph.SR
5942,gr-qc
5943,cs.LG
5944,astro-ph.CO
5945,stat.ML
5946,cond-mat.mes-hall
5947,cond-mat.mes-hall
5948,physics.optics
5949,cond-mat.mtrl-sci
5950,physics.optics
5951,physics.optics
5952,gr-qc
5953,math.CO
5954,physics.optics
5955,quant-ph
5956,cs.LG
5957,math.CO
5958,astro-ph.GA
5959,stat.ML
5960,physics.optics
5961,hep-ph
5962,astro-ph.GA
5963,stat.ML
5964,cond-mat.mes-hall
5965,cond-mat.mtrl-sci
5966,cond-mat.mes-hall
5967,hep-th
5968,math.CO
5969,astro-ph.GA
5970,math.CO
5971,stat.ML
5972,cs.LG
5973,astro-ph.GA
5974,math.AP
5975,physics.optics
5976,astro-ph.CO
5977,astro-ph.GA
5978,cs.LG
5979,physics.optics
5980,astro-ph.GA
5981,cs.LG
5982,quant-ph
5983,math.CO
5984,cond-mat.mtrl-sci
5985,astro-ph
5986,math.CO
5987,cond-mat.mtrl-sci
5988,stat.ML
5989,astro-ph.GA
5990,math.CO
5991,math.CO
5992,cond-mat.mtrl-sci
5993,physics.optics
5994,cond-mat.mes-hall
5995,cs.LG
5996,math.AP
5997,cond-mat.mtrl-sci
5998,stat.ML
5999,stat.ML
6000,astro-ph.SR
6001,stat.ML
6002,math.CO
6003,astro-ph.CO
6004,math.CO
6005,physics.optics
6006,hep-th
6007,quant-ph
6008,hep-th
6009,astro-ph.GA
6010,gr-qc
6011,physics.optics
6012,cond-mat.mtrl-sci
6013,cond-mat.mtrl-sci
6014,astro-ph.SR
6015,math.CO
6016,math.CO
6017,cond-mat.mtrl-sci
6018,astro-ph.SR
6019,hep-ph
6020,cond-mat.mtrl-sci
6021,cond-mat.mes-hall
6022,hep-ph
6023,math.CO
6024,stat.ML
6025,cond-mat.mes-hall
6026,hep-ph
6027,math.AP
6028,gr-qc
6029,astro-ph
6030,cond-mat.mtrl-sci
6031,cond-mat.mtrl-sci
6032,hep-ph
6033,math.AP
6034,stat.ML
6035,astro-ph.GA
6036,cond-mat.mtrl-sci
6037,math.CO
6038,gr-qc
6039,math.AP
6040,stat.ML
6041,astro-ph
6042,cond-mat.mes-hall
6043,math.CO
6044,hep-ph
6045,astro-ph.GA
6046,math.CO
6047,astro-ph.SR
6048,math.AP
6049,gr-qc
6050,astro-ph
6051,quant-ph
6052,math.AP
6053,math.AP
6054,hep-th
6055,stat.ML
6056,cs.LG
6057,math.CO
6058,cond-mat.mtrl-sci
6059,gr-qc
6060,stat.ML
6061,hep-ph
6062,astro-ph.SR
6063,quant-ph
6064,astro-ph.GA
6065,cond-mat.mes-hall
6066,cond-mat.mtrl-sci
6067,physics.optics
6068,cond-mat.mes-hall
6069,math.AP
6070,astro-ph.GA
6071,astro-ph.SR
6072,cond-mat.mes-hall
6073,hep-th
6074,cond-mat.mtrl-sci
6075,gr-qc
6076,cond-mat.mes-hall
6077,hep-th
6078,astro-ph.GA
6079,astro-ph.CO
6080,gr-qc
6081,astro-ph.SR
6082,stat.ML
6083,stat.ML
6084,cond-mat.mes-hall
6085,cond-mat.mtrl-sci
6086,astro-ph.CO
6087,gr-qc
6088,hep-ph
6089,cond-mat.mes-hall
6090,math.AP
6091,astro-ph.GA
6092,astro-ph.SR
6093,math.AP
6094,hep-ph
6095,stat.ML
6096,math.CO
6097,math.CO
6098,cond-mat.mes-hall
6099,math.AP
6100,astro-ph
6101,hep-ph
6102,astro-ph.GA
6103,quant-ph
6104,cond-mat.mes-hall
6105,math.AP
6106,astro-ph
6107,hep-th
6108,hep-ph
6109,math.CO
6110,stat.ML
6111,physics.optics
6112,hep-ph
6113,math.CO
6114,gr-qc
6115,astro-ph
6116,math.CO
6117,physics.optics
6118,cond-mat.mtrl-sci
6119,astro-ph.SR
6120,astro-ph.SR
6121,astro-ph
6122,stat.ML
6123,physics.optics
6124,cond-mat.mtrl-sci
6125,quant-ph
6126,stat.ML
6127,hep-ph
6128,astro-ph.CO
6129,astro-ph
6130,physics.optics
6131,hep-ph
6132,gr-qc
6133,hep-th
6134,cond-mat.mes-hall
6135,astro-ph.GA
6136,astro-ph.SR
6137,astro-ph.GA
6138,cond-mat.mtrl-sci
6139,astro-ph
6140,quant-ph
6141,hep-th
6142,physics.optics
6143,stat.ML
6144,gr-qc
6145,astro-ph
6146,gr-qc
6147,cond-mat.mes-hall
6148,cond-mat.mtrl-sci
6149,hep-th
6150,astro-ph
6151,hep-th
6152,stat.ML
6153,quant-ph
6154,astro-ph.GA
6155,astro-ph.CO
6156,hep-ph
6157,hep-th
6158,astro-ph.SR
6159,astro-ph.CO
6160,math.CO
6161,astro-ph.CO
6162,quant-ph
6163,hep-th
6164,astro-ph.GA
6165,math.AP
6166,hep-th
6167,astro-ph.GA
6168,cond-mat.mtrl-sci
6169,physics.optics
6170,astro-ph
6171,cond-mat.mes-hall
6172,astro-ph.GA
6173,gr-qc
6174,hep-ph
6175,astro-ph.SR
6176,stat.ML
6177,math.AP
6178,math.CO
6179,physics.optics
6180,astro-ph.GA
6181,hep-th
6182,gr-qc
6183,gr-qc
6184,hep-th
6185,astro-ph.GA
6186,physics.optics
6187,cs.LG
6188,cond-mat.mes-hall
6189,astro-ph.GA
6190,quant-ph
6191,cond-mat.mes-hall
6192,astro-ph.GA
6193,cond-mat.mtrl-sci
6194,astro-ph.SR
6195,cond-mat.mtrl-sci
6196,math.CO
6197,astro-ph.CO
6198,cs.LG
6199,physics.optics
6200,cs.LG
6201,stat.ML
6202,hep-ph
6203,hep-ph
6204,physics.optics
6205,hep-th
6206,math.AP
6207,physics.optics
6208,cond-mat.mtrl-sci
6209,cond-mat.mes-hall
6210,hep-th
6211,cond-mat.mtrl-sci
6212,astro-ph
6213,astro-ph.CO
6214,gr-qc
6215,math.AP
6216,stat.ML
6217,math.CO
6218,astro-ph.SR
6219,hep-ph
6220,physics.optics
6221,hep-th
6222,cond-mat.mes-hall
6223,cond-mat.mtrl-sci
6224,math.CO
6225,cond-mat.mtrl-sci
6226,astro-ph
6227,hep-th
6228,hep-ph
6229,cond-mat.mes-hall
6230,astro-ph.GA
6231,quant-ph
6232,gr-qc
6233,gr-qc
6234,math.CO
6235,hep-ph
6236,astro-ph
6237,hep-ph
6238,hep-ph
6239,math.CO
6240,astro-ph
6241,hep-th
6242,hep-ph
6243,cond-mat.mes-hall
6244,astro-ph
6245,stat.ML
6246,gr-qc
6247,astro-ph
6248,hep-ph
6249,cond-mat.mtrl-sci
6250,stat.ML
6251,astro-ph.CO
6252,stat.ML
6253,cond-mat.mtrl-sci
6254,stat.ML
6255,cs.LG
6256,math.CO
6257,quant-ph
6258,math.CO
6259,hep-th
6260,cs.LG
6261,astro-ph.CO
6262,astro-ph.SR
6263,cond-mat.mtrl-sci
6264,astro-ph.SR
6265,math.CO
6266,astro-ph.SR
6267,cond-mat.mtrl-sci
6268,cond-mat.mes-hall
6269,stat.ML
6270,math.AP
6271,astro-ph.CO
6272,stat.ML
6273,astro-ph.SR
6274,stat.ML
6275,gr-qc
6276,quant-ph
6277,math.CO
6278,stat.ML
6279,math.CO
6280,gr-qc
6281,astro-ph.CO
6282,astro-ph.SR
6283,stat.ML
6284,cs.LG
6285,astro-ph.SR
6286,quant-ph
6287,astro-ph.CO
6288,math.CO
6289,astro-ph.GA
6290,cond-mat.mtrl-sci
6291,math.AP
6292,astro-ph.SR
6293,astro-ph.CO
6294,physics.optics
6295,astro-ph.CO
6296,cond-mat.mes-hall
6297,quant-ph
6298,astro-ph
6299,hep-th
6300,astro-ph
6301,cond-mat.mes-hall
6302,cond-mat.mes-hall
6303,astro-ph.CO
6304,astro-ph.GA
6305,astro-ph
6306,astro-ph.GA
6307,astro-ph.CO
6308,astro-ph.SR
6309,math.CO
6310,astro-ph.SR
6311,math.CO
6312,gr-qc
6313,stat.ML
6314,astro-ph.CO
6315,cond-mat.mtrl-sci
6316,astro-ph.GA
6317,cond-mat.mtrl-sci
6318,astro-ph.SR
6319,hep-th
6320,math.AP
6321,hep-ph
6322,astro-ph
6323,astro-ph.GA
6324,hep-ph
6325,astro-ph.SR
6326,astro-ph
6327,gr-qc
6328,astro-ph.GA
6329,gr-qc
6330,astro-ph
6331,cond-mat.mtrl-sci
6332,math.CO
6333,cond-mat.mes-hall
6334,cond-mat.mes-hall
6335,astro-ph
6336,hep-th
6337,cs.LG
6338,math.AP
6339,astro-ph
6340,hep-ph
6341,math.CO
6342,astro-ph
6343,hep-th
6344,cond-mat.mes-hall
6345,cond-mat.mes-hall
6346,astro-ph.SR
6347,cond-mat.mes-hall
6348,astro-ph.GA
6349,astro-ph.SR
6350,math.AP
6351,astro-ph.CO
6352,gr-qc
6353,physics.optics
6354,astro-ph.SR
6355,astro-ph.SR
6356,astro-ph.GA
6357,hep-th
6358,hep-th
6359,quant-ph
6360,hep-th
6361,cs.LG
6362,stat.ML
6363,math.CO
6364,cond-mat.mtrl-sci
6365,astro-ph.GA
6366,hep-ph
6367,cs.LG
6368,cond-mat.mtrl-sci
6369,gr-qc
6370,cs.LG
6371,stat.ML
6372,quant-ph
6373,cs.LG
6374,hep-ph
6375,astro-ph
6376,quant-ph
6377,hep-th
6378,astro-ph
6379,hep-ph
6380,hep-th
6381,cs.LG
6382,astro-ph
6383,astro-ph
6384,gr-qc
6385,astro-ph
6386,astro-ph.CO
6387,astro-ph.SR
6388,hep-ph
6389,hep-ph
6390,cond-mat.mes-hall
6391,hep-ph
6392,quant-ph
6393,astro-ph.GA
6394,cond-mat.mes-hall
6395,math.AP
6396,astro-ph.CO
6397,astro-ph.SR
6398,quant-ph
6399,cs.LG
6400,quant-ph
6401,gr-qc
6402,cs.LG
6403,astro-ph.GA
6404,physics.optics
6405,hep-th
6406,cond-mat.mes-hall
6407,hep-ph
6408,quant-ph
6409,astro-ph.GA
6410,quant-ph
6411,cs.LG
6412,cs.LG
6413,cond-mat.mtrl-sci
6414,astro-ph
6415,quant-ph
6416,cond-mat.mes-hall
6417,physics.optics
6418,cs.LG
6419,astro-ph.GA
6420,cs.LG
6421,cond-mat.mes-hall
6422,astro-ph
6423,cond-mat.mtrl-sci
6424,math.CO
6425,cond-mat.mtrl-sci
6426,hep-ph
6427,cond-mat.mes-hall
6428,astro-ph.GA
6429,hep-th
6430,math.AP
6431,gr-qc
6432,math.CO
6433,astro-ph
6434,astro-ph.GA
6435,gr-qc
6436,gr-qc
6437,hep-ph
6438,astro-ph.GA
6439,cs.LG
6440,gr-qc
6441,cond-mat.mtrl-sci
6442,cond-mat.mes-hall
6443,physics.optics
6444,gr-qc
6445,math.CO
6446,hep-ph
6447,cond-mat.mes-hall
6448,hep-ph
6449,gr-qc
6450,cs.LG
6451,math.CO
6452,cs.LG
6453,math.AP
6454,quant-ph
6455,astro-ph.SR
6456,gr-qc
6457,stat.ML
6458,astro-ph
6459,astro-ph.CO
6460,astro-ph
6461,math.AP
6462,quant-ph
6463,astro-ph.CO
6464,quant-ph
6465,math.AP
6466,physics.optics
6467,astro-ph.GA
6468,stat.ML
6469,hep-ph
6470,gr-qc
6471,cond-mat.mtrl-sci
6472,stat.ML
6473,astro-ph.SR
6474,hep-th
6475,hep-ph
6476,gr-qc
6477,physics.optics
6478,cs.LG
6479,stat.ML
6480,astro-ph.GA
6481,math.CO
6482,cond-mat.mes-hall
6483,hep-th
6484,hep-ph
6485,astro-ph.GA
6486,cond-mat.mes-hall
6487,quant-ph
6488,hep-ph
6489,hep-th
6490,gr-qc
6491,astro-ph.CO
6492,cond-mat.mes-hall
6493,astro-ph.GA
6494,hep-th
6495,hep-ph
6496,cond-mat.mes-hall
6497,quant-ph
6498,cond-mat.mtrl-sci
6499,hep-th
6500,cond-mat.mes-hall
6501,astro-ph.SR
6502,hep-th
6503,hep-ph
6504,quant-ph
6505,astro-ph.SR
6506,quant-ph
6507,cs.LG
6508,gr-qc
6509,gr-qc
6510,cond-mat.mtrl-sci
6511,gr-qc
6512,math.CO
6513,quant-ph
6514,quant-ph
6515,stat.ML
6516,gr-qc
6517,astro-ph
6518,physics.optics
6519,cond-mat.mes-hall
6520,math.AP
6521,astro-ph.SR
6522,quant-ph
6523,cs.LG
6524,stat.ML
6525,hep-ph
6526,hep-th
6527,cond-mat.mtrl-sci
6528,cs.LG
6529,astro-ph.GA
6530,math.CO
6531,astro-ph.GA
6532,astro-ph.GA
6533,quant-ph
6534,gr-qc
6535,physics.optics
6536,astro-ph.GA
6537,hep-th
6538,astro-ph.CO
6539,cs.LG
6540,astro-ph.CO
6541,cond-mat.mes-hall
6542,cond-mat.mes-hall
6543,astro-ph
6544,astro-ph
6545,math.AP
6546,cs.LG
6547,quant-ph
6548,cond-mat.mtrl-sci
6549,quant-ph
6550,hep-th
6551,astro-ph.GA
6552,math.AP
6553,astro-ph.CO
6554,quant-ph
6555,cond-mat.mes-hall
6556,stat.ML
6557,stat.ML
6558,physics.optics
6559,astro-ph
6560,cs.LG
6561,astro-ph
6562,hep-th
6563,cond-mat.mtrl-sci
6564,astro-ph.GA
6565,hep-th
6566,math.CO
6567,astro-ph
6568,astro-ph.CO
6569,astro-ph.CO
6570,astro-ph.GA
6571,cond-mat.mes-hall
6572,math.CO
6573,astro-ph.GA
6574,quant-ph
6575,math.AP
6576,stat.ML
6577,math.CO
6578,hep-th
6579,cs.LG
6580,astro-ph
6581,quant-ph
6582,quant-ph
6583,astro-ph
6584,stat.ML
6585,astro-ph
6586,quant-ph
6587,stat.ML
6588,astro-ph.GA
6589,astro-ph
6590,astro-ph.GA
6591,astro-ph.GA
6592,quant-ph
6593,gr-qc
6594,quant-ph
6595,cond-mat.mes-hall
6596,astro-ph.SR
6597,hep-ph
6598,astro-ph.CO
6599,quant-ph
6600,hep-ph
6601,math.CO
6602,hep-th
6603,astro-ph
6604,astro-ph.GA
6605,physics.optics
6606,astro-ph
6607,stat.ML
6608,cond-mat.mes-hall
6609,stat.ML
6610,quant-ph
6611,physics.optics
6612,hep-th
6613,cs.LG
6614,cond-mat.mtrl-sci
6615,cond-mat.mtrl-sci
6616,gr-qc
6617,astro-ph.CO
6618,hep-ph
6619,astro-ph.SR
6620,astro-ph.CO
6621,quant-ph
6622,astro-ph.CO
6623,physics.optics
6624,astro-ph.GA
6625,astro-ph.SR
6626,astro-ph
6627,cond-mat.mtrl-sci
6628,hep-ph
6629,math.CO
6630,physics.optics
6631,astro-ph.SR
6632,astro-ph.SR
6633,math.CO
6634,math.CO
6635,hep-ph
6636,gr-qc
6637,astro-ph
6638,cs.LG
6639,hep-ph
6640,astro-ph.SR
6641,cond-mat.mtrl-sci
6642,hep-ph
6643,astro-ph.CO
6644,quant-ph
6645,cond-mat.mtrl-sci
6646,cond-mat.mes-hall
6647,cond-mat.mes-hall
6648,quant-ph
6649,hep-ph
6650,cond-mat.mtrl-sci
6651,cond-mat.mtrl-sci
6652,hep-ph
6653,cond-mat.mtrl-sci
6654,astro-ph.GA
6655,hep-ph
6656,cond-mat.mes-hall
6657,quant-ph
6658,stat.ML
6659,astro-ph
6660,physics.optics
6661,hep-th
6662,hep-th
6663,hep-th
6664,astro-ph.CO
6665,quant-ph
6666,hep-ph
6667,hep-th
6668,astro-ph
6669,astro-ph.SR
6670,hep-th
6671,cond-mat.mes-hall
6672,hep-ph
6673,cond-mat.mes-hall
6674,astro-ph.SR
6675,math.CO
6676,quant-ph
6677,stat.ML
6678,hep-th
6679,math.CO
6680,astro-ph.GA
6681,cs.LG
6682,cs.LG
6683,physics.optics
6684,astro-ph
6685,astro-ph.GA
6686,hep-th
6687,hep-ph
6688,cond-mat.mtrl-sci
6689,astro-ph
6690,astro-ph.SR
6691,gr-qc
6692,astro-ph.SR
6693,math.CO
6694,astro-ph
6695,hep-th
6696,math.CO
6697,math.CO
6698,astro-ph.SR
6699,cond-mat.mtrl-sci
6700,gr-qc
6701,hep-th
6702,math.CO
6703,hep-th
6704,stat.ML
6705,cond-mat.mtrl-sci
6706,math.CO
6707,astro-ph.GA
6708,stat.ML
6709,cond-mat.mes-hall
6710,cs.LG
6711,physics.optics
6712,math.AP
6713,astro-ph.GA
6714,astro-ph
6715,hep-th
6716,hep-ph
6717,cs.LG
6718,cs.LG
6719,hep-ph
6720,cs.LG
6721,astro-ph.GA
6722,physics.optics
6723,stat.ML
6724,stat.ML
6725,math.AP
6726,cond-mat.mes-hall
6727,cond-mat.mtrl-sci
6728,hep-ph
6729,astro-ph.GA
6730,astro-ph.CO
6731,physics.optics
6732,hep-ph
6733,hep-th
6734,astro-ph.GA
6735,math.CO
6736,hep-ph
6737,cs.LG
6738,astro-ph.GA
6739,math.CO
6740,astro-ph.CO
6741,astro-ph
6742,astro-ph
6743,stat.ML
6744,hep-ph
6745,hep-ph
6746,cond-mat.mtrl-sci
6747,astro-ph
6748,hep-ph
6749,physics.optics
6750,cs.LG
6751,hep-ph
6752,cond-mat.mtrl-sci
6753,astro-ph.SR
6754,astro-ph.CO
6755,astro-ph
6756,physics.optics
6757,gr-qc
6758,cond-mat.mtrl-sci
6759,cond-mat.mtrl-sci
6760,stat.ML
6761,math.AP
6762,hep-th
6763,math.CO
6764,cs.LG
6765,astro-ph.CO
6766,math.CO
6767,physics.optics
6768,gr-qc
6769,astro-ph.CO
6770,physics.optics
6771,math.AP
6772,math.AP
6773,stat.ML
6774,cond-mat.mes-hall
6775,quant-ph
6776,gr-qc
6777,hep-ph
6778,math.CO
6779,astro-ph.CO
6780,astro-ph.SR
6781,cond-mat.mes-hall
6782,gr-qc
6783,stat.ML
6784,cs.LG
6785,math.CO
6786,quant-ph
6787,astro-ph.CO
6788,cond-mat.mtrl-sci
6789,physics.optics
6790,cs.LG
6791,gr-qc
6792,cond-mat.mes-hall
6793,hep-ph
6794,math.AP
6795,cond-mat.mtrl-sci
6796,stat.ML
6797,gr-qc
6798,astro-ph.GA
6799,quant-ph
6800,hep-th
6801,astro-ph.GA
6802,gr-qc
6803,astro-ph.GA
6804,hep-ph
6805,cs.LG
6806,cond-mat.mtrl-sci
6807,hep-th
6808,cs.LG
6809,cond-mat.mes-hall
6810,math.CO
6811,physics.optics
6812,astro-ph.GA
6813,cs.LG
6814,hep-ph
6815,gr-qc
6816,quant-ph
6817,cs.LG
6818,hep-ph
6819,hep-ph
6820,math.CO
6821,quant-ph
6822,astro-ph.CO
6823,hep-ph
6824,math.AP
6825,astro-ph.GA
6826,astro-ph.SR
6827,astro-ph.SR
6828,astro-ph.CO
6829,astro-ph.GA
6830,cs.LG
6831,astro-ph.GA
6832,cs.LG
6833,stat.ML
6834,gr-qc
6835,hep-ph
6836,math.AP
6837,hep-ph
6838,astro-ph.CO
6839,astro-ph
6840,stat.ML
6841,astro-ph
6842,math.AP
6843,astro-ph.CO
6844,cond-mat.mes-hall
6845,quant-ph
6846,gr-qc
6847,gr-qc
6848,astro-ph
6849,astro-ph.GA
6850,stat.ML
6851,astro-ph
6852,quant-ph
6853,quant-ph
6854,quant-ph
6855,cs.LG
6856,math.CO
6857,math.CO
6858,cs.LG
6859,math.AP
6860,astro-ph.SR
6861,astro-ph.GA
6862,astro-ph
6863,astro-ph.CO
6864,physics.optics
6865,astro-ph
6866,math.AP
6867,astro-ph.CO
6868,cond-mat.mes-hall
6869,stat.ML
6870,cs.LG
6871,quant-ph
6872,math.AP
6873,hep-ph
6874,astro-ph
6875,astro-ph.SR
6876,hep-ph
6877,cond-mat.mtrl-sci
6878,physics.optics
6879,astro-ph.SR
6880,astro-ph.GA
6881,cond-mat.mes-hall
6882,math.AP
6883,astro-ph.CO
6884,hep-ph
6885,astro-ph
6886,astro-ph
6887,math.AP
6888,cond-mat.mtrl-sci
6889,stat.ML
6890,hep-th
6891,astro-ph.GA
6892,quant-ph
6893,physics.optics
6894,math.CO
6895,math.AP
6896,astro-ph.CO
6897,hep-ph
6898,astro-ph.GA
6899,cond-mat.mes-hall
6900,astro-ph.CO
6901,hep-th
6902,astro-ph.CO
6903,astro-ph.CO
6904,cond-mat.mtrl-sci
6905,hep-th
6906,math.CO
6907,hep-th
6908,astro-ph.GA
6909,cond-mat.mtrl-sci
6910,astro-ph.GA
6911,stat.ML
6912,astro-ph.GA
6913,gr-qc
6914,cond-mat.mtrl-sci
6915,math.CO
6916,math.AP
6917,gr-qc
6918,cond-mat.mes-hall
6919,astro-ph.CO
6920,cond-mat.mes-hall
6921,stat.ML
6922,gr-qc
6923,astro-ph.SR
6924,quant-ph
6925,math.AP
6926,physics.optics
6927,cs.LG
6928,math.CO
6929,astro-ph
6930,hep-ph
6931,cs.LG
6932,math.AP
6933,gr-qc
6934,gr-qc
6935,cond-mat.mtrl-sci
6936,physics.optics
6937,cond-mat.mes-hall
6938,hep-th
6939,math.CO
6940,cs.LG
6941,gr-qc
6942,math.CO
6943,math.AP
6944,astro-ph
6945,hep-th
6946,math.CO
6947,quant-ph
6948,hep-th
6949,gr-qc
6950,gr-qc
6951,cond-mat.mes-hall
6952,astro-ph.GA
6953,math.CO
6954,quant-ph
6955,hep-ph
6956,math.AP
6957,math.AP
6958,hep-ph
6959,astro-ph
6960,astro-ph.GA
6961,stat.ML
6962,cond-mat.mtrl-sci
6963,quant-ph
6964,physics.optics
6965,math.AP
6966,quant-ph
6967,astro-ph.SR
6968,astro-ph.GA
6969,hep-ph
6970,math.CO
6971,cond-mat.mtrl-sci
6972,cs.LG
6973,astro-ph.SR
6974,astro-ph
6975,astro-ph.GA
6976,astro-ph.SR
6977,astro-ph
6978,astro-ph.CO
6979,stat.ML
6980,hep-ph
6981,hep-ph
6982,astro-ph.SR
6983,cs.LG
6984,cond-mat.mtrl-sci
6985,physics.optics
6986,stat.ML
6987,hep-th
6988,quant-ph
6989,hep-th
6990,astro-ph
6991,cond-mat.mtrl-sci
6992,cond-mat.mtrl-sci
6993,hep-th
6994,astro-ph.GA
6995,astro-ph.CO
6996,cs.LG
6997,astro-ph.GA
6998,astro-ph.CO
6999,cond-mat.mtrl-sci
7000,math.CO
7001,stat.ML
7002,hep-ph
7003,math.AP
7004,math.CO
7005,math.CO
7006,astro-ph.CO
7007,quant-ph
7008,cond-mat.mtrl-sci
7009,astro-ph.GA
7010,math.CO
7011,hep-ph
7012,astro-ph.CO
7013,physics.optics
7014,astro-ph.SR
7015,math.CO
7016,cs.LG
7017,astro-ph.CO
7018,math.CO
7019,gr-qc
7020,quant-ph
7021,astro-ph
7022,cond-mat.mtrl-sci
7023,math.CO
7024,hep-ph
7025,math.AP
7026,cond-mat.mes-hall
7027,astro-ph.SR
7028,math.CO
7029,gr-qc
7030,astro-ph
7031,cond-mat.mes-hall
7032,astro-ph.SR
7033,cs.LG
7034,quant-ph
7035,astro-ph
7036,astro-ph
7037,cond-mat.mtrl-sci
7038,hep-ph
7039,cond-mat.mes-hall
7040,cond-mat.mtrl-sci
7041,stat.ML
7042,astro-ph.SR
7043,physics.optics
7044,math.CO
7045,astro-ph
7046,astro-ph.CO
7047,stat.ML
7048,physics.optics
7049,stat.ML
7050,hep-ph
7051,cond-mat.mes-hall
7052,cs.LG
7053,astro-ph
7054,astro-ph.SR
7055,astro-ph.CO
7056,cond-mat.mtrl-sci
7057,math.CO
7058,astro-ph
7059,astro-ph.GA
7060,astro-ph.SR
7061,math.CO
7062,hep-th
7063,astro-ph.SR
7064,math.CO
7065,astro-ph.GA
7066,gr-qc
7067,math.AP
7068,physics.optics
7069,math.CO
7070,cs.LG
7071,hep-ph
7072,astro-ph.SR
7073,hep-th
7074,cond-mat.mtrl-sci
7075,math.CO
7076,cond-mat.mtrl-sci
7077,physics.optics
7078,astro-ph.SR
7079,astro-ph.CO
7080,astro-ph
7081,physics.optics
7082,astro-ph
7083,math.CO
7084,astro-ph
7085,cond-mat.mes-hall
7086,astro-ph
7087,astro-ph.GA
7088,quant-ph
7089,math.CO
7090,hep-ph
7091,astro-ph.SR
7092,physics.optics
7093,cs.LG
7094,astro-ph.GA
7095,hep-th
7096,cs.LG
7097,gr-qc
7098,quant-ph
7099,math.AP
7100,gr-qc
7101,cond-mat.mes-hall
7102,astro-ph.GA
7103,stat.ML
7104,cond-mat.mes-hall
7105,hep-th
7106,cs.LG
7107,cond-mat.mtrl-sci
7108,math.CO
7109,quant-ph
7110,cond-mat.mes-hall
7111,stat.ML
7112,math.CO
7113,cs.LG
7114,stat.ML
7115,stat.ML
7116,quant-ph
7117,cs.LG
7118,gr-qc
7119,hep-th
7120,math.AP
7121,stat.ML
7122,quant-ph
7123,math.AP
7124,astro-ph.CO
7125,astro-ph.CO
7126,gr-qc
7127,hep-th
7128,physics.optics
7129,stat.ML
7130,astro-ph.GA
7131,astro-ph.GA
7132,astro-ph.GA
7133,hep-th
7134,astro-ph.GA
7135,math.AP
7136,gr-qc
7137,quant-ph
7138,cond-mat.mes-hall
7139,gr-qc
7140,astro-ph.GA
7141,gr-qc
7142,hep-th
7143,math.AP
7144,astro-ph.CO
7145,stat.ML
7146,stat.ML
7147,astro-ph.SR
7148,physics.optics
7149,hep-th
7150,stat.ML
7151,astro-ph
7152,math.CO
7153,astro-ph.GA
7154,cond-mat.mtrl-sci
7155,cond-mat.mes-hall
7156,astro-ph.CO
7157,math.CO
7158,cond-mat.mtrl-sci
7159,physics.optics
7160,cond-mat.mes-hall
7161,physics.optics
7162,cond-mat.mtrl-sci
7163,quant-ph
7164,hep-ph
7165,astro-ph
7166,astro-ph.SR
7167,hep-th
7168,quant-ph
7169,astro-ph.SR
7170,gr-qc
7171,astro-ph.SR
7172,math.AP
7173,astro-ph
7174,hep-th
7175,cs.LG
7176,physics.optics
7177,astro-ph.SR
7178,hep-ph
7179,math.CO
7180,hep-ph
7181,hep-th
7182,gr-qc
7183,quant-ph
7184,cond-mat.mtrl-sci
7185,cond-mat.mtrl-sci
7186,cond-mat.mes-hall
7187,physics.optics
7188,math.CO
7189,astro-ph.CO
7190,math.AP
7191,hep-ph
7192,cs.LG
7193,hep-th
7194,cond-mat.mtrl-sci
7195,math.CO
7196,astro-ph.CO
7197,physics.optics
7198,astro-ph.CO
7199,math.CO
7200,stat.ML
7201,math.AP
7202,astro-ph
7203,quant-ph
7204,physics.optics
7205,astro-ph.SR
7206,stat.ML
7207,math.CO
7208,quant-ph
7209,cs.LG
7210,math.AP
7211,hep-ph
7212,astro-ph.CO
7213,physics.optics
7214,stat.ML
7215,hep-th
7216,stat.ML
7217,hep-th
7218,physics.optics
7219,math.CO
7220,stat.ML
7221,hep-ph
7222,hep-ph
7223,stat.ML
7224,astro-ph
7225,cs.LG
7226,astro-ph.GA
7227,math.AP
7228,cond-mat.mes-hall
7229,math.AP
7230,astro-ph.CO
7231,hep-ph
7232,astro-ph
7233,physics.optics
7234,cond-mat.mes-hall
7235,gr-qc
7236,cond-mat.mes-hall
7237,cond-mat.mes-hall
7238,math.AP
7239,quant-ph
7240,math.AP
7241,cond-mat.mtrl-sci
7242,quant-ph
7243,hep-th
7244,cond-mat.mes-hall
7245,cond-mat.mes-hall
7246,astro-ph
7247,cond-mat.mtrl-sci
7248,cs.LG
7249,astro-ph.GA
7250,gr-qc
7251,hep-ph
7252,math.CO
7253,cs.LG
7254,astro-ph.SR
7255,physics.optics
7256,hep-ph
7257,gr-qc
7258,math.CO
7259,gr-qc
7260,math.AP
7261,cond-mat.mes-hall
7262,hep-th
7263,physics.optics
7264,cond-mat.mes-hall
7265,gr-qc
7266,hep-ph
7267,physics.optics
7268,astro-ph
7269,gr-qc
7270,astro-ph.CO
7271,math.CO
7272,cond-mat.mtrl-sci
7273,astro-ph.GA
7274,astro-ph
7275,math.AP
7276,gr-qc
7277,cs.LG
7278,cond-mat.mtrl-sci
7279,math.AP
7280,hep-ph
7281,astro-ph.SR
7282,quant-ph
7283,cs.LG
7284,hep-th
7285,astro-ph.CO
7286,hep-th
7287,gr-qc
7288,astro-ph.SR
7289,cond-mat.mes-hall
7290,hep-ph
7291,cs.LG
7292,physics.optics
7293,math.AP
7294,stat.ML
7295,cond-mat.mtrl-sci
7296,math.AP
7297,hep-th
7298,math.AP
7299,stat.ML
7300,astro-ph.CO
7301,hep-th
7302,stat.ML
7303,astro-ph
7304,cond-mat.mtrl-sci
7305,quant-ph
7306,hep-th
7307,astro-ph.CO
7308,gr-qc
7309,cs.LG
7310,astro-ph.SR
7311,math.CO
7312,quant-ph
7313,math.CO
7314,astro-ph.SR
7315,math.CO
7316,gr-qc
7317,quant-ph
7318,astro-ph
7319,astro-ph.GA
7320,hep-th
7321,math.AP
7322,physics.optics
7323,gr-qc
7324,cond-mat.mtrl-sci
7325,stat.ML
7326,math.AP
7327,hep-th
7328,stat.ML
7329,stat.ML
7330,astro-ph
7331,cond-mat.mtrl-sci
7332,gr-qc
7333,physics.optics
7334,astro-ph
7335,cond-mat.mes-hall
7336,hep-th
7337,astro-ph
7338,cond-mat.mtrl-sci
7339,hep-th
7340,stat.ML
7341,hep-th
7342,stat.ML
7343,math.CO
7344,astro-ph.SR
7345,stat.ML
7346,gr-qc
7347,physics.optics
7348,hep-th
7349,math.CO
7350,astro-ph.GA
7351,astro-ph
7352,gr-qc
7353,hep-th
7354,stat.ML
7355,math.AP
7356,gr-qc
7357,astro-ph.SR
7358,astro-ph
7359,quant-ph
7360,cond-mat.mtrl-sci
7361,cond-mat.mtrl-sci
7362,math.AP
7363,hep-ph
7364,astro-ph.CO
7365,astro-ph
7366,cs.LG
7367,astro-ph
7368,hep-ph
7369,cs.LG
7370,cs.LG
7371,quant-ph
7372,hep-ph
7373,math.AP
7374,stat.ML
7375,cs.LG
7376,math.AP
7377,quant-ph
7378,cond-mat.mes-hall
7379,cs.LG
7380,astro-ph.SR
7381,cond-mat.mtrl-sci
7382,astro-ph.CO
7383,cs.LG
7384,astro-ph
7385,astro-ph.CO
7386,math.CO
7387,cond-mat.mes-hall
7388,quant-ph
7389,math.AP
7390,astro-ph
7391,gr-qc
7392,astro-ph.CO
7393,gr-qc
7394,cond-mat.mtrl-sci
7395,astro-ph.CO
7396,astro-ph.SR
7397,cs.LG
7398,stat.ML
7399,math.CO
7400,quant-ph
7401,astro-ph.SR
7402,astro-ph
7403,math.AP
7404,astro-ph
7405,cs.LG
7406,astro-ph.SR
7407,gr-qc
7408,cond-mat.mtrl-sci
7409,hep-ph
7410,math.AP
7411,cs.LG
7412,hep-th
7413,cond-mat.mtrl-sci
7414,physics.optics
7415,math.AP
7416,stat.ML
7417,hep-th
7418,math.CO
7419,cond-mat.mes-hall
7420,math.CO
7421,quant-ph
7422,hep-ph
7423,math.CO
7424,cond-mat.mtrl-sci
7425,gr-qc
7426,astro-ph.SR
7427,gr-qc
7428,math.AP
7429,cond-mat.mtrl-sci
7430,astro-ph.CO
7431,cs.LG
7432,stat.ML
7433,physics.optics
7434,astro-ph.GA
7435,cond-mat.mes-hall
7436,astro-ph.SR
7437,cs.LG
7438,physics.optics
7439,astro-ph.CO
7440,quant-ph
7441,math.CO
7442,stat.ML
7443,astro-ph
7444,astro-ph.CO
7445,cond-mat.mtrl-sci
7446,cond-mat.mes-hall
7447,cond-mat.mtrl-sci
7448,hep-ph
7449,hep-ph
7450,astro-ph.GA
7451,stat.ML
7452,astro-ph
7453,astro-ph.SR
7454,astro-ph.CO
7455,stat.ML
7456,astro-ph.SR
7457,math.AP
7458,cs.LG
7459,astro-ph.CO
7460,hep-th
7461,math.AP
7462,cond-mat.mtrl-sci
7463,astro-ph
7464,astro-ph
7465,hep-ph
7466,hep-ph
7467,quant-ph
7468,astro-ph
7469,cs.LG
7470,math.AP
7471,hep-ph
7472,gr-qc
7473,physics.optics
7474,physics.optics
7475,astro-ph.GA
7476,gr-qc
7477,stat.ML
7478,physics.optics
7479,cs.LG
7480,hep-ph
7481,physics.optics
7482,stat.ML
7483,astro-ph
7484,quant-ph
7485,cond-mat.mtrl-sci
7486,stat.ML
7487,astro-ph.GA
7488,stat.ML
7489,math.AP
7490,hep-ph
7491,physics.optics
7492,math.CO
7493,hep-ph
7494,gr-qc
7495,math.CO
7496,hep-th
7497,astro-ph.SR
7498,astro-ph.CO
7499,physics.optics
